use HotelCatalogue; 

INSERT INTO Room (RoomID, RoomType, AmenityName, ADA, Jacuzzie, StandardOcc, MaxOcc, BasePrice)
VALUES (201, 'Double', 'Microwave', 'No', 'Yes', 2, 4, '199.99'),
(202, 'Double', 'Refrigerator',	'Yes', 'No', 2, 4, '174.99'),
(203, 'Double',	'Microwave', 'No', 'Yes', 2, 4, '199.99'),
(204, 'Double', 'Refrigerator', 'Yes', 'No', 2, 4, '174.99'),
(205, 'Single', 'Microwave, Refrigerator',	'No', 'Yes', 2, 2, '174.99'),
(206, 'Single', 'Microwave, Refrigerator', 'Yes', 'No',	2, 2, '149.99'),
(207, 'Single', 'Microwave, Refrigerator', 'No', 'Yes', 2, 2, '174.99'),
(208, 'Single', 'Microwave, Refrigerator', 'Yes', 'No', 2, 2, '149.99'),
(301, 'Double',	'Microwave', 'No', 'Yes', 2, 4, '199.99'),
(302, 'Double',	'Refrigerator',	'Yes', 'No', 2, 4, '174.99'),
(303, 'Double',	'Microwave', 'No', 'Yes', 2, 4, '199.99'),
(304, 'Double',	'Refrigerator',	'Yes', 'No', 2, 4, '174.99'),
(305, 'Single',	'Microwave, Refrigerator', 'No', 'Yes',	2, 2, '174.99'),
(306, 'Single',	'Microwave, Refrigerator',	'Yes', 'No', 2, 2, '149.99'),
(307, 'Single',	'Microwave, Refrigerator', 	'No', 'Yes', 2, 2, '174.99'),
(308, 'Single',	'Microwave, Refrigerator', 'Yes', 'No', 2, 2, '149.99'),
(401, 'Suite', 'Microwave, Refrigerator, Oven', 'Yes', 'No', 3, 8, '399.99'),
(402, 'Suite', 'Microwave, Refrigerator, Oven',	'Yes', 'No', 3, 8, '399.99');

INSERT INTO Guest (`Name`, Address, City, State, ZIPCode, Phone)
VALUES ('Your Name', 'Your Address', 'City', 'State', 'Zip', 'Phone'),
('Mack Simmer', '379 Old Shore Street', 'Council Bluffs', 'IA', '51501', '(291) 553-0508'),
('Bettyann Seery', '750 Wintergreen Dr.', 'Wasilla', 'AK', '99654', '(478) 277-9632'),
('Duane Cullison', '9662 Foxrun Lane', 'Harlingen','TX', '78552', '(308) 494-0198'),
('Karie Yang', '9378 W. Augusta Ave.', 'West Deptford', 'NJ', '08096', '(214) 730-0298'),
('Aurore Lipton', '762 Wild Rose Street', 'Saginaw', 'MI', '48601', '(377) 507-0974'),
('Zachery Luechtefeld', '7 Poplar Dr.', 'Arvada', 'CO', '80003', '(814) 485-2615'),
('Jeremiah Pendergrass', '70 Oakwood St.', 'Zion', 'IL', '60099', '(279) 491-0960'),
('Walter Holaway', '7556 Arrowhead St.','Cumberland', 'RI', '02864', '(446) 396-6785'),
('Wilfred Vise', '77 West Surrey Street', 'Oswego', 'NY', '13126', '(834) 727-1001'),
('Maritza Tilton', '939 Linda Rd.',  'Burke', 'VA', '22015', '(446) 351-6860'),
('Joleen Tison', '87 Queen St.', 'Drexel Hill', 'PA', '19026', '(231) 893-2755');

INSERT INTO Price (PriceID, AddAdult, AddChild, JacuzziPrice)
VALUES ('DBL201', '10', 0, '25'),
('DBL202', '10', 0, NULL),
('DBL203', '10', 0, '25'),
('DBL204', '10', 0, NULL),
('SNG205', NULL, 0, '25'),
('SNG206', NULL, 0, NULL),
('SNG207', NULL, 0, '25'),
('SNG208', NULL, 0, NULL),
('DBL301', '10', 0, '25'),
('DBL302', '10', 0, NULL),
('DBL303', '10', 0, '25'),
('DBL304', '10', 0, NULL),
('SNG305', NULL, 0, '25'),
('SNG306', NULL, 0, NULL),
('SNG307', NULL, 0, '25'),
('SNG308', NULL, 0, NULL),
('SUT401', '20', 0, NULL),
('SUT402', '20', 0, NULL);

INSERT INTO RoomPrice (RoomID, PriceID)
VALUES (201, 'DBL201'),
(202, 'DBL202'),
(203, 'DBL203'),
(204, 'DBL204'),
(205, 'SNG205'),
(206, 'SNG206'),
(207, 'SNG207'),
(208, 'SNG208'),
(301, 'DBL301'),
(302, 'DBL302'),
(303, 'DBL303'),
(304, 'DBL304'),
(305, 'SNG305'),
(306, 'SNG306'),
(307, 'SNG307'),
(308, 'SNG308'),
(401, 'SUT401'),
(402, 'SUT402');

INSERT INTO RoomGuest (RoomID)
VALUES (201),
(202),
(203),
(204),
(205),
(206),
(207),
(208),
(301),
(302),
(303),
(304),
(305),
(306),
(307),
(308),
(401),
(402);

INSERT INTO Reservation (RoomID, `Name`, Adults, Child, StartDate, EndDate, NumberDays, PriceID, TotalPrice)
VALUES ('308', 'Mack Simmer', 1, 0, '2/2/2023', '2/4/2023', 2, 'SNG308', '299.98'),
(203, 'Bettyann Seery', 2, 1, '2/5/2023', '2/10/2023', 5, 'DBL203', '999.95'),
(305, 'Duane Cullison', 2, 0, '2/22/2023', '2/24/2023', 2, 'SNG305', '349.98'),
(201, 'Karie Yang', 2, 2, '3/6/2023', '3/7/2023', 1, 'DBL201', '199.99'),
(307, 'Your Name', 1, 1, '3/17/2023', '3/20/2023', 3, 'SNG307', '524.97'),
(302, 'Aurore Lipton', 3, 0, '3/18/2023', '3/23/2023', 5, 'DBL302', '924.95'),
(202, 'Zachery Luechtefeld', 2, 2, '3/29/2023', '3/31/2023', 2, 'DBL202', '349.98'),
(304, 'Jeremiah Pendergrass', 2, 0, '3/31/2023', '4/5/2023', 6, 'DBL304', '874.95'),
(301, 'Walter Holaway',	1, 0, '4/9/2023', '4/13/2023', 4, 'DBL301',	'799.96'),
(207, 'Wilfred Vise', 1, 1, '4/23/2023', '4/24/2023', 1, 'SNG207', '174.99'),
(401, 'Maritza Tilton', 2, 4, '5/30/2023', '6/2/2023', 4, 'SUT401', '1,199.97'),
(206, 'Joleen Tison', 2, 0, '6/10/2023', '6/14/2023', 4, 'SNG206', '599.96'),
(208, 'Joleen Tison', 1, 0, '6/10/2023', '6/14/2023', 4, 'SNG208', '599.96'),
(304, 'Aurore Lipton', 3, 0, '6/17/2023', '6/18/2023', 1, 'DBL304',	'184.99'),
(205, 'Your Name', 2, 0, '6/28/2023', '7/2/2023', 5, 'SNG205', '699.96'),
(204, 'Walter Holaway', 3, 1, '7/13/2023', '7/14/2023', 1, 'DBL204', '184.99'),
(401, 'Wilfred Vise', 4, 2, '7/18/2023', '7/21/2023', 3, 'SUT401', '1,259.97'),
(303, 'Bettyann Seery',	2, 1, '7/28/2023', '7/29/2023', 1, 'DBL303', '199.99'),
(305, 'Bettyann Seery', 1, 0, '8/30/2023', '9/1/2023', 3, 'SNG305', '349.98'),
(208, 'Mack Simmer', 2, 0, '9/16/2023', '9/17/2023', 1, 'SNG208', '149.99'),
(203, 'Karie Yang',	2, 2, '9/13/2023', '9/15/2023', 2, 'DBL203', '399.98'),
(401, 'Duane Cullison', 2, 2, '11/22/2023', '11/25/2023', 3, 'SUT401', '1,199.97'),
(206, 'Mack Simmer', 2, 0, '11/22/2023', '11/25/2023', 3, 'SNG206',	'449.97'),
(301, 'Mack Simmer', 2, 2, '11/22/2023', '11/25/2023', 3, 'DBL301', '599.97'),
(302, 'Maritza Tilton',	2, 0, '12/24/2023', '12/28/2023', 4, 'DBL302', '699.96');